1467829145779,本,1348
1467829145779,ホンダ,1410
1467829145779,本来,1576
1467829145779,本来で,1672
1467829145779,本来であれ,1920
1467829145779,本来であれば,2057
1467829145779,本来であればきゅう,2949
1467829145779,本来であればキュート,3133
1467829145779,本来であれば給湯し,3376
1467829145779,本来であれば給湯室,3503
1467829145779,本来であれば給湯室4,3764
1467829145779,本来であれば給湯室横,3926
1467829145779,本来であれば給湯室横の,4060
1467829145779,本来であれば給湯室横の子,4461
1467829145779,本来であれば給湯室横のゴミ,4479
1467829145779,本来であれば給湯室横のゴミ箱,4724
1467829145779,本来であれば給湯室横のゴミ箱に,4976
1467829145779,本来であれば給湯室横のゴミ箱にし,5113
1467829145779,本来であれば給湯室横のゴミ箱にして,5241
1467829145779,本来であれば給湯室横のゴミ箱に捨てる,5380
1467829145779,本来であれば給湯室横のゴミ箱に捨てるべ,5506
1467829145779,本来であれば給湯室横のゴミ箱に捨てるべき,5630
1467829145779,本来であれば給湯室横のゴミ箱に捨てるべきな,5763
1467829145779,本来であれば給湯室横のゴミ箱に捨てるべきなの,5909
1467829145779,本来であれば給湯室横のゴミ箱に捨てるべきなので,6044
1467829145779,本来であれば給湯室横のゴミ箱に捨てるべきなのです,6170
1467829145779,本来であれば給湯室横のゴミ箱に捨てるべきなのですが,6309
1467829145779,本来であれば給湯室横のゴミ箱に捨てるべきなのですが,7092
1467829145779,本来であれば給湯室横のゴミ箱に捨てるべきなのですがおす,7621
1467829145779,本来であれば給湯室横のゴミ箱に捨てるべきなのですがオフィス,7627
1467829145779,本来であれば給湯室横のゴミ箱に捨てるべきなのですがおすすめ,7747
1467829145779,本来であれば給湯室横のゴミ箱に捨てるべきなのですがおすすめの,8018
1467829145779,本来であれば給湯室横のゴミ箱に捨てるべきなのですがオフィス内の,8037
1467829145779,本来であれば給湯室横のゴミ箱に捨てるべきなのですがオフィス内の小,8309
1467829145779,本来であれば給湯室横のゴミ箱に捨てるべきなのですがオフィス内のゴミ,8408
1467829145779,本来であれば給湯室横のゴミ箱に捨てるべきなのですがオフィス内のゴミが,8670
1467829145779,本来であれば給湯室横のゴミ箱に捨てるべきなのですがオフィス内のゴミ箱,8689
1467829145779,本来であれば給湯室横のゴミ箱に捨てるべきなのですがオフィス内のゴミ箱に,8799
1467829145779,本来であれば給湯室横のゴミ箱に捨てるべきなのですがオフィス内のゴミ箱にし,9061
1467829145779,本来であれば給湯室横のゴミ箱に捨てるべきなのですがオフィス内のゴミ箱にして,9073
1467829145779,本来であれば給湯室横のゴミ箱に捨てるべきなのですがオフィス内のゴミ箱に捨てる,9210
1467829145779,本来であれば給湯室横のゴミ箱に捨てるべきなのですがオフィス内のゴミ箱に捨てる日,9454
1467829145779,本来であれば給湯室横のゴミ箱に捨てるべきなのですがオフィス内のゴミ箱にしてる人,9471
1467829145779,本来であれば給湯室横のゴミ箱に捨てるべきなのですがオフィス内のゴミ箱にしてる人が,9594
1467829145779,本来であれば給湯室横のゴミ箱に捨てるべきなのですがオフィス内のゴミ箱にしてる人が多い,9865
1467829145779,本来であれば給湯室横のゴミ箱に捨てるべきなのですがオフィス内のゴミ箱にしてる人が多いで,10113
1467829145779,本来であれば給湯室横のゴミ箱に捨てるべきなのですがオフィス内のゴミ箱にしてる人が多いです,10251
1467829145779,本来であれば給湯室横のゴミ箱に捨てるべきなのですがオフィス内のゴミ箱にしてる人が多いです,11521