18329996181,は,1447
18329996181,場所,1455
18329996181,和食,1618
18329996181,和食も,1766
18329996181,和食持っ,1899
18329996181,は食物,2041
18329996181,和食の作り,2163
18329996181,和食も作ります,2421
18329996181,和食も作りますし,2950
18329996181,和食も作りますしん,3624
18329996181,和食も作ります4 in,3686
18329996181,和食も作ります市インド,3748
18329996181,和食も作ります市インド料理,4025
18329996181,和食も作ります市インド料理と,4295
18329996181,和食も作ります市インド料理とか,4422
18329996181,和食も作ります市インド料理とか,5212
18329996181,和食も作ります市インド料理とかよ,5306
18329996181,和食も作ります市インド料理とか洋書,5356
18329996181,和食も作ります市インド料理とか洋食,5473
18329996181,和食も作ります市インド料理とか洋食と,5731
18329996181,和食も作ります市インド料理とか洋食とか,5740
18329996181,和食も作ります市インド料理とか洋食とか,6534
18329996181,和食も作ります市インド料理とか洋食とかちゅう,6880
18329996181,和食も作ります市インド料理とか洋食とか中華,6920
18329996181,和食も作ります市インド料理とか洋食とかちゅうかと,7061
18329996181,和食も作ります市インド料理とか洋食とかちゅうかとか,7185
18329996181,和食も作ります市インド料理とか洋食とかちゅうかとかも,7302
18329996181,和食も作ります市インド料理とか洋食とかちゅうかと鴎,7758
18329996181,和食も作ります市インド料理とか洋食とかちゅうかと鴎に,8011
18329996181,和食も作ります市インド料理とか洋食とかちゅうかとかもデビル,8037
18329996181,和食も作ります市インド料理とか洋食とかちゅうかとかも手広く,8190
18329996181,和食も作ります市インド料理とか洋食とかちゅうかとかもべびろ靴,8376
18329996181,和食も作ります市インド料理とか洋食とかちゅうかと鴎日6月,8531
18329996181,和食も作ります市インド料理とか洋食とかちゅうかとかも手広く作っ,8539
18329996181,和食も作ります市インド料理とか洋食とかちゅうかとかも手広く作った,8628
18329996181,和食も作ります市インド料理とか洋食とかちゅうかとかも手広く作った石,9120
18329996181,和食も作ります市インド料理とか洋食とかちゅうかとかも手広く作ったりして,9184
18329996181,和食も作ります市インド料理とか洋食とかちゅうかとかも手広く作ったりしてい,9291
18329996181,和食も作ります市インド料理とか洋食とかちゅうかとかも手広く作ったりして今,9296
18329996181,和食も作ります市インド料理とか洋食とかちゅうかとかも手広く作ったりしています,9551
18329996181,和食も作ります市インド料理とか洋食とかちゅうかとかも手広く作ったりしています,1079218