1468169431352,二,1872
1468169431352,辞書,1924
1468169431352,辞書もう,2438
1468169431352,辞書モード,2445
1468169431352,辞書モードと,2706
1468169431352,辞書モードとは,3100
1468169431352,辞書モードとおな,3228
1468169431352,辞書モードと同じ,3357
1468169431352,辞書モードと同じし,3628
1468169431352,辞書モードと同じ地下,3666
1468169431352,辞書モードと同じ近い,3794
1468169431352,辞書モードと同じ近いか,3890
1468169431352,辞書モードと同じ使い方,4010
1468169431352,辞書モードと同じ近い形で,4162
1468169431352,辞書モードと同じ使い方です,4285
1468169431352,辞書モードと同じ使い方ですが,4413
1468169431352,辞書モードと同じ使い方ですが,5193
1468169431352,辞書モードと同じ使い方ですが来,5350
1468169431352,辞書モードと同じ使い方ですがこっち,5583
1468169431352,辞書モードと同じ使い方ですがこちら,5591
1468169431352,辞書モードと同じ使い方ですがこちらは,5721
1468169431352,辞書モードと同じ使い方ですがこちらはこと,6507
1468169431352,辞書モードと同じ使い方ですがこちらは言葉,6635
1468169431352,辞書モードと同じ使い方ですがこちらは言葉の,6897
1468169431352,辞書モードと同じ使い方ですがこちらは言葉の意味,7158
1468169431352,辞書モードと同じ使い方ですがこちらは言葉の意味を,7550
1468169431352,辞書モードと同じ使い方ですがこちらは言葉の意味を画像,7950
1468169431352,辞書モードと同じ使い方ですがこちらは言葉の意味を画像で,8212
1468169431352,辞書モードと同じ使い方ですがこちらは言葉の意味を画像で串,8650
1468169431352,辞書モードと同じ使い方ですがこちらは言葉の意味を画像で頭,8738
1468169431352,辞書モードと同じ使い方ですがこちらは言葉の意味を画像で調べ,8866
1468169431352,辞書モードと同じ使い方ですがこちらは言葉の意味を画像で調べる,8876
1468169431352,辞書モードと同じ使い方ですがこちらは言葉の意味を画像で調べるこ,9128
1468169431352,辞書モードと同じ使い方ですがこちらは言葉の意味を画像で調べること,9257
1468169431352,辞書モードと同じ使い方ですがこちらは言葉の意味を画像で調べることが,9387
1468169431352,辞書モードと同じ使い方ですがこちらは言葉の意味を画像で調べることが出,9530
1468169431352,辞書モードと同じ使い方ですがこちらは言葉の意味を画像で調べることができ,9655
1468169431352,辞書モードと同じ使い方ですがこちらは言葉の意味を画像で調べることができます,9914
1468169431352,辞書モードと同じ使い方ですがこちらは言葉の意味を画像で調べることができます,10596